Action,Price,USD,Percent,Time
sell,719.04,725,0%,2021-01-02 08:21:00
sellOut,720.67,723.3564892078326,-0.22669114374722632%,2021-01-02 08:24:00
sell,759.5,723.3564892078326,0%,2021-01-02 22:18:00
sellOut,760.09,722.7945664578225,-0.0776826859776314%,2021-01-02 22:24:00
buy,878.83,722.7945664578225,0%,2021-01-03 22:09:00
buyOut,901.7,741.60401963408,2.602323543802565%,2021-01-03 22:30:00
sell,973.6,741.60401963408,0%,2021-01-04 08:12:00
sellOut,973.4,741.7563622839638,0.020542317173377622%,2021-01-04 08:14:00
sell,1005.48,741.7563622839638,0%,2021-01-04 22:09:00
sellOut,1009.83,738.5473077270007,-0.43262919202768924%,2021-01-04 22:10:00
buy,1064.23,738.5473077270007,0%,2021-01-05 08:04:00
buyOut,1072.23,744.0990948987736,0.7517172039878561%,2021-01-05 08:07:00
sell,1007.77,744.0990948987736,0%,2021-01-05 22:03:00
sellOut,1013.61,739.7870606903641,-0.5794973059328967%,2021-01-05 22:05:00
sell,1092.41,739.7870606903641,0%,2021-01-06 08:05:00
sellOut,1088.94,742.13696695321,0.317646304958763%,2021-01-06 08:12:00
buy,1145.67,742.13696695321,0%,2021-01-06 22:23:00
buyOut,1141.06,739.1507218585018,-0.4023846308273904%,2021-01-06 22:26:00
sell,1198.89,739.1507218585018,0%,2021-01-07 08:05:00
sellOut,1203.98,736.0125881062312,-0.42455938409695637%,2021-01-07 08:06:00
sell,1214.53,736.0125881062312,0%,2021-01-08 08:30:00
sellOut,1220.48,732.4068518138117,-0.4899014433566995%,2021-01-08 08:36:00
sell,1239.72,732.4068518138117,0%,2021-01-08 22:20:00
sellOut,1245.15,729.1988942061672,-0.43800212951312645%,2021-01-08 22:29:00
sell,1208.49,729.1988942061672,0%,2021-01-09 08:41:00
sellOut,1195.03,737.3206139688587,1.1137866262856955%,2021-01-09 08:49:00
sell,1285.67,737.3206139688587,0%,2021-01-10 22:53:00
sellOut,1292.39,733.466752149052,-0.5226846702497623%,2021-01-10 22:55:00
sell,1243.47,733.466752149052,0%,2021-01-11 08:03:00
sellOut,1236.76,737.4246778785994,0.539618969496658%,2021-01-11 08:15:00
sell,1024.76,737.4246778785994,0%,2021-01-11 22:02:00
sellOut,1011.06,747.283296566816,1.3368983957219305%,2021-01-11 22:07:00
sell,1072.04,747.283296566816,0%,2021-01-12 08:04:00
sellOut,1078.52,742.766304885766,-0.604455057647102%,2021-01-12 08:06:00
buy,1046.98,742.766304885766,0%,2021-01-12 22:08:00
buyOut,1047.56,743.1777783206297,0.05539742879518972%,2021-01-12 22:11:00
sell,1031.82,743.1777783206297,0%,2021-01-13 08:04:00
sellOut,1033.86,741.708449689886,-0.1977089027155765%,2021-01-13 08:07:00
buy,1078.78,741.708449689886,0%,2021-01-13 22:18:00
buyOut,1075.92,739.7420745567606,-0.26511429577855683%,2021-01-13 22:25:00
buy,1146.75,739.7420745567606,0%,2021-01-14 08:15:00
buyOut,1139.19,734.865292273221,-0.65925441465009%,2021-01-14 08:18:00
buy,1209.79,734.865292273221,0%,2021-01-14 22:39:00
buyOut,1204.95,731.9253208611559,-0.4000694335380417%,2021-01-14 22:48:00
buy,1251.35,731.9253208611559,0%,2021-01-15 08:09:00
buyOut,1247.93,729.9249336015203,-0.27330483078273904%,2021-01-15 08:12:00
sell,1210.95,729.9249336015203,0%,2021-01-15 22:17:00
sellOut,1207.3,732.1250459163521,0.30141624344524054%,2021-01-15 22:27:00
buy,1188.82,732.1250459163521,0%,2021-01-16 08:04:00
buyOut,1185.02,729.7848470851732,-0.3196446896923%,2021-01-16 08:11:00
sell,1219.07,729.7848470851732,0%,2021-01-16 22:29:00
sellOut,1226.02,725.6242946253128,-0.5701067206969279%,2021-01-16 22:30:00
sell,1208.15,725.6242946253128,0%,2021-01-17 08:10:00
sellOut,1210.31,724.3269818111834,-0.17878574680294523%,2021-01-17 08:12:00
sell,1231.01,724.3269818111834,0%,2021-01-18 22:33:00
sellOut,1228.98,725.5214349619106,0.16490524041233856%,2021-01-18 22:38:00
sell,1403.71,725.5214349619106,0%,2021-01-19 22:08:00
sellOut,1410.55,721.9861131253921,-0.4872801362104662%,2021-01-19 22:12:00
buy,1373.92,721.9861131253921,0%,2021-01-20 08:02:00
buyOut,1384.43,727.5090504499436,0.7649644811924983%,2021-01-20 08:09:00
sell,1364.66,727.5090504499436,0%,2021-01-21 08:05:00
sellOut,1370.17,724.5716339007818,-0.4037635748098456%,2021-01-21 08:06:00
sell,1222.65,724.5716339007818,0%,2021-01-21 22:09:00
sellOut,1225.35,722.9715493209494,-0.22083179977916423%,2021-01-21 22:15:00
sell,1094.97,722.9715493209494,0%,2021-01-22 08:18:00
sellOut,1056.19,748.576667892843,3.5416495429098527%,2021-01-22 08:28:00
sell,1210.2,748.576667892843,0%,2021-01-23 08:07:00
sellOut,1212.32,747.2653288282812,-0.17517765658567885%,2021-01-23 08:15:00
sell,1221.64,747.2653288282812,0%,2021-01-23 22:20:00
sellOut,1228.57,743.0263151018316,-0.5672702269080787%,2021-01-23 22:27:00
sell,1308.87,743.0263151018316,0%,2021-01-24 22:40:00
sellOut,1307.77,743.6507689793076,0.08404195985849405%,2021-01-24 22:52:00
buy,1406.82,743.6507689793076,0%,2021-01-25 08:09:00
buyOut,1412.21,746.4999448829759,0.3831335920729151%,2021-01-25 08:17:00
sell,1402.69,746.4999448829759,0%,2021-01-25 22:53:00
sellOut,1411.2,741.9709937027764,-0.6066914286121605%,2021-01-25 23:03:00
buy,1327.76,741.9709937027764,0%,2021-01-26 08:04:00
buyOut,1337.58,747.4585480485626,0.7395914924383851%,2021-01-26 08:12:00
sell,1269.79,747.4585480485626,0%,2021-01-26 22:26:00
sellOut,1273.75,745.1275044505879,-0.3118625914521278%,2021-01-26 22:31:00
sell,1357.28,745.1275044505879,0%,2021-01-27 08:04:00
sellOut,1351.51,748.2951527624174,0.4251149357538564%,2021-01-27 08:21:00
sell,1222.49,748.2951527624174,0%,2021-01-27 22:31:00
sellOut,1218.92,750.4803761142335,0.29202692864562785%,2021-01-27 22:39:00
sell,1230.01,750.4803761142335,0%,2021-01-28 08:15:00
sellOut,1230.05,750.4559704467638,-0.0032520060812446516%,2021-01-28 08:25:00
buy,1351.92,750.4559704467638,0%,2021-01-28 22:06:00
buyOut,1350.74,749.8009479268461,-0.08728327119947865%,2021-01-28 22:10:00
buy,1342.68,749.8009479268461,0%,2021-01-29 08:18:00
buyOut,1362.25,760.7295418963164,1.4575326958024215%,2021-01-29 08:35:00
sell,1414.93,760.7295418963164,0%,2021-01-29 22:06:00
sellOut,1416.19,760.0521096397458,-0.08905034171302617%,2021-01-29 22:26:00
buy,1398.49,760.0521096397458,0%,2021-01-30 08:04:00
buyOut,1396.4,758.9162352973144,-0.149446903445849%,2021-01-30 08:10:00
sell,1331.12,758.9162352973144,0%,2021-01-31 22:59:00
sellOut,1337.34,755.3700043162238,-0.46727567762485656%,2021-01-31 23:07:00
sell,1290.86,755.3700043162238,0%,2021-02-01 08:07:00
sellOut,1291.51,754.9896450961645,-0.050354027547538927%,2021-02-01 08:10:00
buy,1391.28,754.9896450961645,0%,2021-02-02 08:09:00
buyOut,1403.3,761.5123979094413,0.8639526191708269%,2021-02-02 08:16:00
sell,1608.03,761.5123979094413,0%,2021-02-04 22:47:00
sellOut,1599.88,765.371981401641,0.5068313402113112%,2021-02-04 22:52:00
buy,1732.89,765.371981401641,0%,2021-02-05 22:41:00
buyOut,1731.69,764.8419729315813,-0.06924848086145019%,2021-02-05 22:48:00
buy,1742.16,764.8419729315813,0%,2021-02-06 08:44:00
buyOut,1733.52,761.0488456378029,-0.4959360793497791%,2021-02-06 08:49:00
buy,1720.0,761.0488456378029,0%,2021-02-08 22:09:00
buyOut,1705.23,754.5135599110178,-0.8587209302325594%,2021-02-08 22:11:00
sell,1732.89,754.5135599110178,0%,2021-02-09 08:15:00
sellOut,1742.19,750.4642687804945,-0.536675726676239%,2021-02-09 08:22:00
buy,1795.9,750.4642687804945,0%,2021-02-10 08:53:00
buyOut,1785.46,746.1016389202192,-0.581324127178573%,2021-02-10 08:57:00
buy,1759.46,746.1016389202192,0%,2021-02-10 22:05:00
buyOut,1754.23,743.8838496146636,-0.2972502927034437%,2021-02-10 22:19:00
sell,1720.36,743.8838496146636,0%,2021-02-11 08:45:00
sellOut,1718.09,744.8653978595805,0.1319491269269224%,2021-02-11 08:50:00
sell,1763.13,744.8653978595805,0%,2021-02-12 22:39:00
sellOut,1759.29,746.4876736576107,0.21779449048000554%,2021-02-12 22:58:00
sell,1785.2,746.4876736576107,0%,2021-02-15 22:59:00
sellOut,1795.87,742.0259755409143,-0.5976921353349596%,2021-02-15 23:04:00
sell,1761.51,742.0259755409143,0%,2021-02-16 08:10:00
sellOut,1768.07,739.2626131986349,-0.37240776379356966%,2021-02-16 08:13:00
sell,1765.18,739.2626131986349,0%,2021-02-17 08:59:00
sellOut,1769.45,737.4743245491157,-0.24190167574977828%,2021-02-17 09:02:00
sell,1932.17,737.4743245491157,0%,2021-02-20 08:14:00
sellOut,1934.41,736.6193570840428,-0.11593182794473744%,2021-02-20 08:18:00
sell,2003.52,736.6193570840428,0%,2021-02-20 22:52:00
sellOut,1999.34,738.1561867201889,0.2086328062609888%,2021-02-20 23:02:00
sell,1884.66,738.1561867201889,0%,2021-02-21 08:05:00
sellOut,1896.99,733.3269518543458,-0.6542294100792656%,2021-02-21 08:07:00
sell,1911.73,733.3269518543458,0%,2021-02-22 08:30:00
sellOut,1885.58,743.3579184610272,1.3678709859655913%,2021-02-22 09:02:00
sell,1714.51,743.3579184610272,0%,2021-02-22 22:07:00
sellOut,1708.71,745.8726170787512,0.33828907384616524%,2021-02-22 22:11:00
sell,1757.73,745.8726170787512,0%,2021-02-23 08:05:00
sellOut,1755.48,746.8273788387639,0.1280060077486267%,2021-02-23 08:10:00
sell,1536.9,746.8273788387639,0%,2021-02-23 22:37:00
sellOut,1533.72,748.3726394703648,0.20691001366387463%,2021-02-23 22:40:00
sell,1561.09,748.3726394703648,0%,2021-02-24 08:05:00
sellOut,1517.21,769.4083205777702,2.8108565169208566%,2021-02-24 08:25:00
sell,1630.34,769.4083205777702,0%,2021-02-24 22:10:00
sellOut,1637.99,765.7980468603738,-0.4692272777457429%,2021-02-24 22:12:00
buy,1647.4,765.7980468603738,0%,2021-02-25 08:26:00
buyOut,1640.01,762.3627867132947,-0.4485856501153407%,2021-02-25 08:34:00
sell,1630.59,762.3627867132947,0%,2021-02-25 22:26:00
sellOut,1636.88,759.4219726960207,-0.38574994327207346%,2021-02-25 22:32:00
buy,1500.15,759.4219726960207,0%,2021-02-26 08:09:00
buyOut,1500.0,759.3460380922114,-0.009999000099991662%,2021-02-26 08:16:00
buy,1479.75,759.3460380922114,0%,2021-02-26 22:17:00
buyOut,1520.61,780.3136874359841,2.7612772427774823%,2021-02-26 22:54:00
buy,1461.87,780.3136874359841,0%,2021-02-27 08:09:00
buyOut,1458.18,778.3440475181811,-0.2524164255371386%,2021-02-27 08:14:00
sell,1464.6,778.3440475181811,0%,2021-02-27 22:35:00
sellOut,1466.93,777.1057970534006,-0.1590878055441891%,2021-02-27 22:42:00
sell,1322.8,777.1057970534006,0%,2021-02-28 22:09:00
sellOut,1333.84,770.6201242385612,-0.8345932869670447%,2021-02-28 22:12:00
buy,1444.74,770.6201242385612,0%,2021-03-01 08:17:00
buyOut,1438.26,767.1637110396009,-0.44852360978445693%,2021-03-01 08:23:00
buy,1541.32,767.1637110396009,0%,2021-03-01 22:32:00
buyOut,1535.05,764.0429337394827,-0.406794176420211%,2021-03-01 22:37:00
buy,1588.0,764.0429337394827,0%,2021-03-02 08:16:00
buyOut,1593.32,766.6025737945796,0.3350125944584281%,2021-03-02 08:31:00
buy,1590.71,766.6025737945796,0%,2021-03-02 22:22:00
buyOut,1585.33,764.0098184545019,-0.3382137536068863%,2021-03-02 22:35:00
buy,1500.19,764.0098184545019,0%,2021-03-03 08:19:00
buyOut,1498.06,762.9250619147915,-0.1419820156113638%,2021-03-03 08:33:00
sell,1588.62,762.9250619147915,0%,2021-03-03 22:14:00
sellOut,1592.14,761.2346033923378,-0.22157595900846871%,2021-03-03 22:24:00
buy,1582.68,761.2346033923378,0%,2021-03-04 08:27:00
buyOut,1590.87,765.1738149839313,0.5174766851163692%,2021-03-04 09:00:00
buy,1596.0,765.1738149839313,0%,2021-03-04 22:34:00
buyOut,1586.98,760.8493364055133,-0.5651629072681685%,2021-03-04 22:41:00
sell,1520.87,760.8493364055133,0%,2021-03-05 08:04:00
sellOut,1498.29,772.145487960897,1.4846765338260237%,2021-03-05 08:26:00
buy,1511.57,772.145487960897,0%,2021-03-05 22:26:00
buyOut,1504.09,768.3245281310858,-0.49484972578180964%,2021-03-05 22:35:00
buy,1546.58,768.3245281310858,0%,2021-03-06 22:35:00
buyOut,1540.28,765.1947550011954,-0.4073504118765281%,2021-03-06 22:41:00
buy,1672.7,765.1947550011954,0%,2021-03-07 08:11:00
buyOut,1677.45,767.3676940137235,0.2839720212829633%,2021-03-07 08:27:00
sell,1640.68,767.3676940137235,0%,2021-03-07 22:22:00
sellOut,1640.99,767.2227029215275,-0.018894604676100712%,2021-03-07 22:28:00
buy,1750.0,767.2227029215275,0%,2021-03-08 08:38:00
buyOut,1741.79,763.6233324123928,-0.46914285714285686%,2021-03-08 08:45:00
sell,1711.98,763.6233324123928,0%,2021-03-08 22:36:00
sellOut,1719.07,760.4608600547695,-0.4141403521069176%,2021-03-08 22:38:00
sell,1816.96,760.4608600547695,0%,2021-03-09 08:20:00
sellOut,1817.58,760.2013685231816,-0.034122930609359337%,2021-03-09 08:30:00
sell,1771.83,760.2013685231816,0%,2021-03-11 08:03:00
sellOut,1780.14,756.6359737773946,-0.46900662027395956%,2021-03-11 08:06:00
sell,1809.59,756.6359737773946,0%,2021-03-12 08:22:00
sellOut,1802.21,759.7217409879104,0.40782718737393253%,2021-03-12 08:40:00
sell,1743.22,759.7217409879104,0%,2021-03-13 08:12:00
sellOut,1750.2,756.6797510198653,-0.4004084395543783%,2021-03-13 08:16:00
buy,1877.2,756.6797510198653,0%,2021-03-15 08:25:00
buyOut,1870.66,754.0435451964742,-0.3483912209673923%,2021-03-15 08:53:00
sell,1762.2,754.0435451964742,0%,2021-03-16 08:27:00
sellOut,1737.21,764.7367401768736,1.418113721484504%,2021-03-16 08:52:00
sell,1790.22,764.7367401768736,0%,2021-03-17 08:13:00
sellOut,1783.95,767.4151257165888,0.35023628380869143%,2021-03-17 08:31:00
sell,1749.07,767.4151257165888,0%,2021-03-19 08:17:00
sellOut,1745.49,768.9858725420819,0.20468020147849098%,2021-03-19 08:25:00
sell,1765.04,768.9858725420819,0%,2021-03-22 08:39:00
sellOut,1763.62,769.6045327078627,0.08045143452839465%,2021-03-22 09:11:00
sell,1691.01,769.6045327078627,0%,2021-03-23 22:38:00
sellOut,1698.0,766.4232767226067,-0.4133624283712001%,2021-03-23 22:44:00
buy,1607.67,766.4232767226067,0%,2021-03-26 08:18:00
buyOut,1616.51,770.6375630912196,0.5498640890232442%,2021-03-26 09:01:00
buy,2030.38,770.6375630912196,0%,2021-04-02 22:19:00
buyOut,2070.06,785.698240650819,1.954313970783783%,2021-04-02 23:06:00
sell,2110.57,785.698240650819,0%,2021-04-03 08:28:00
sellOut,2119.44,782.3962211041692,-0.4202656154498552%,2021-04-03 08:33:00
sell,2092.36,782.3962211041692,0%,2021-04-03 22:58:00
sellOut,2096.9,780.6985788036985,-0.21697986962090354%,2021-04-03 23:04:00
buy,2022.48,780.6985788036985,0%,2021-04-04 08:21:00
buyOut,2014.33,777.5525929757792,-0.4029706103397812%,2021-04-04 08:35:00
sell,2054.84,777.5525929757792,0%,2021-04-05 08:54:00
sellOut,2059.82,775.6681582202657,-0.2423546358840678%,2021-04-05 09:27:00
buy,2110.18,775.6681582202657,0%,2021-04-05 22:27:00
buyOut,2108.56,775.0726723298123,-0.07677070202541936%,2021-04-05 22:49:00
buy,2137.65,775.0726723298123,0%,2021-04-06 08:40:00
buyOut,2140.2,775.9972555471027,0.1192898743947568%,2021-04-06 09:03:00
sell,2066.8,775.9972555471027,0%,2021-04-06 22:11:00
sellOut,2078.73,771.518037790824,-0.5772208244629207%,2021-04-06 22:14:00
sell,2086.43,771.518037790824,0%,2021-04-07 09:00:00
sellOut,2093.51,768.900002339091,-0.3393356115470203%,2021-04-07 09:06:00
buy,1988.6,768.900002339091,0%,2021-04-08 08:50:00
buyOut,1981.07,765.9884982570165,-0.378658352609873%,2021-04-08 09:03:00
buy,2254.97,765.9884982570165,0%,2021-04-13 22:54:00
buyOut,2254.3,765.7609066288211,-0.02971214694650337%,2021-04-13 23:06:00
sell,2321.07,765.7609066288211,0%,2021-04-14 22:13:00
sellOut,2316.61,767.2323373239594,0.19215275713356794%,2021-04-14 22:15:00
buy,2397.24,767.2323373239594,0%,2021-04-16 22:24:00
buyOut,2402.31,768.8549816775629,0.21149321719977632%,2021-04-16 22:34:00
buy,2460.32,768.8549816775629,0%,2021-04-17 08:08:00
buyOut,2458.26,768.2112275064568,-0.08372894582818757%,2021-04-17 08:18:00
sell,2288.29,768.2112275064568,0%,2021-04-18 08:24:00
sellOut,2265.6,775.8285805308207,0.9915701244160524%,2021-04-18 08:31:00
buy,2141.08,775.8285805308207,0%,2021-04-18 22:26:00
buyOut,2134.94,773.6037278936193,-0.286771162217192%,2021-04-18 22:34:00
sell,2214.71,773.6037278936193,0%,2021-04-19 08:04:00
sellOut,2211.88,774.592253953437,0.12778196693923327%,2021-04-19 08:15:00
sell,2183.39,774.592253953437,0%,2021-04-19 22:08:00
sellOut,2185.62,773.8011260622603,-0.10213475375449033%,2021-04-19 22:14:00
sell,2144.44,773.8011260622603,0%,2021-04-20 08:06:00
sellOut,2153.85,770.4056155344555,-0.43880919960455067%,2021-04-20 08:10:00
sell,2203.63,770.4056155344555,0%,2021-04-20 22:21:00
sellOut,2180.61,778.4535806055442,1.0446399803959783%,2021-04-20 22:49:00
sell,2310.89,778.4535806055442,0%,2021-04-21 08:48:00
sellOut,2293.44,784.3318417869793,0.7551203216076829%,2021-04-21 09:01:00
sell,2362.85,784.3318417869793,0%,2021-04-21 22:20:00
sellOut,2373.02,780.955980081423,-0.43041242567238847%,2021-04-21 22:24:00
sell,2327.58,780.955980081423,0%,2021-04-22 08:07:00
sellOut,2329.61,780.2748689533133,-0.08721504738828934%,2021-04-22 08:13:00
buy,2575.0,780.2748689533133,0%,2021-04-22 22:11:00
buyOut,2567.13,777.8901065382987,-0.3056310679611651%,2021-04-22 22:25:00
buy,2428.94,777.8901065382987,0%,2021-04-23 08:16:00
buyOut,2427.09,777.2976272275312,-0.07616491144284421%,2021-04-23 08:31:00
buy,2268.54,777.2976272275312,0%,2021-04-23 22:23:00
buyOut,2284.96,782.92381280904,0.7238135540920565%,2021-04-23 22:45:00
sell,2336.58,782.92381280904,0%,2021-04-24 08:06:00
sellOut,2333.31,784.0195000390452,0.13994812931720224%,2021-04-24 08:12:00
buy,2243.77,784.0195000390452,0%,2021-04-25 08:18:00
buyOut,2233.89,780.5672243332527,-0.44033033688836154%,2021-04-25 08:19:00
buy,2336.79,780.5672243332527,0%,2021-04-25 22:37:00
buyOut,2346.4,783.7772907174133,0.4112479084556142%,2021-04-25 23:22:00
buy,2367.1,783.7772907174133,0%,2021-04-26 08:09:00
buyOut,2397.63,793.8861668466866,1.2897638460563687%,2021-04-26 08:18:00
sell,2504.93,793.8861668466866,0%,2021-04-27 08:22:00
sellOut,2512.01,791.6423061155385,-0.28264262873614054%,2021-04-27 08:31:00
buy,2581.02,791.6423061155385,0%,2021-04-27 22:24:00
buyOut,2608.0,799.9175265396334,1.0453231668100305%,2021-04-27 22:30:00
buy,2763.98,799.9175265396334,0%,2021-04-30 22:29:00
buyOut,2747.64,795.1886021683797,-0.5911764918704265%,2021-04-30 22:46:00
buy,2984.95,795.1886021683797,0%,2021-05-03 08:17:00
buyOut,3012.17,802.4399912204655,0.9119080721620154%,2021-05-03 09:52:00
buy,3157.0,802.4399912204655,0%,2021-05-03 22:41:00
buyOut,3163.76,804.158234597295,0.21412733607857337%,2021-05-03 22:50:00
sell,3379.09,804.158234597295,0%,2021-05-04 08:05:00
sellOut,3361.9,808.2491229881716,0.5087168438840051%,2021-05-04 08:09:00
sell,3452.55,808.2491229881716,0%,2021-05-04 22:07:00
sellOut,3430.01,813.5257837844391,0.652850791444004%,2021-05-04 22:13:00
buy,3279.36,813.5257837844391,0%,2021-05-05 08:05:00
buyOut,3270.19,811.2509400840514,-0.27962773224043946%,2021-05-05 08:13:00
sell,3339.31,811.2509400840514,0%,2021-05-05 22:05:00
sellOut,3343.99,810.1139823294275,-0.14014871335694679%,2021-05-05 22:10:00
sell,3483.35,810.1139823294275,0%,2021-05-06 08:19:00
sellOut,3467.69,813.7559892949287,0.4495672269510642%,2021-05-06 08:28:00
buy,3534.59,813.7559892949287,0%,2021-05-07 08:17:00
buyOut,3518.71,810.0999938018152,-0.44927417324216457%,2021-05-07 08:26:00
buy,3517.69,810.0999938018152,0%,2021-05-08 08:25:00
buyOut,3534.7,814.0172806845618,0.4835559699689185%,2021-05-08 09:30:00
sell,3859.99,814.0172806845618,0%,2021-05-09 08:08:00
sellOut,3879.91,809.8164345084742,-0.5160635131179037%,2021-05-09 08:13:00
sell,4066.81,809.8164345084742,0%,2021-05-10 22:50:00
sellOut,4054.43,812.2816412575515,0.30441550010942287%,2021-05-10 23:02:00
buy,3987.94,812.2816412575515,0%,2021-05-11 08:24:00
buyOut,3994.01,813.518006288729,0.15220890986324953%,2021-05-11 08:33:00
buy,4357.62,813.518006288729,0%,2021-05-12 22:26:00
buyOut,4339.96,810.2210854945664,-0.4052670953410331%,2021-05-12 22:29:00
sell,3693.21,810.2210854945664,0%,2021-05-13 08:01:00
sellOut,3637.53,822.4362343868139,1.5076315725344624%,2021-05-13 08:04:00
buy,3753.74,822.4362343868139,0%,2021-05-14 08:04:00
buyOut,3788.07,829.9578623968785,0.9145545509278818%,2021-05-14 08:10:00
buy,4118.13,829.9578623968785,0%,2021-05-15 08:04:00
buyOut,4112.5,828.8232059471562,-0.13671253700101582%,2021-05-15 08:13:00
sell,3829.87,828.8232059471562,0%,2021-05-15 22:30:00
sellOut,3855.96,823.1770619675534,-0.6812241668777252%,2021-05-15 22:31:00
buy,3705.11,823.1770619675534,0%,2021-05-16 08:07:00
buyOut,3786.19,841.1908850886832,2.1883290914439746%,2021-05-16 08:20:00
sell,3669.54,841.1908850886832,0%,2021-05-16 22:35:00
sellOut,3682.3,838.2658329857679,-0.3477275080800313%,2021-05-16 22:40:00
sell,3539.9,838.2658329857679,0%,2021-05-17 08:07:00
sellOut,3549.7,835.9451445021215,-0.27684397864344845%,2021-05-17 08:12:00
sell,3418.19,835.9451445021215,0%,2021-05-17 22:08:00
sellOut,3384.24,844.2478829853092,0.9932157077283676%,2021-05-17 22:26:00
sell,3245.63,844.2478829853092,0%,2021-05-18 08:02:00
sellOut,3259.32,840.6868629312461,-0.4217979252101989%,2021-05-18 08:03:00
sell,3307.94,840.6868629312461,0%,2021-05-18 22:02:00
sellOut,3316.32,838.5571520201158,-0.25332986692625514%,2021-05-18 22:06:00
buy,3418.81,838.5571520201158,0%,2021-05-19 08:07:00
buyOut,3418.46,838.4713048969335,-0.010237480292851764%,2021-05-19 08:15:00
sell,2409.0,838.4713048969335,0%,2021-05-19 22:01:00
sellOut,2379.71,848.6659186455557,1.2158572021585656%,2021-05-19 22:06:00
sell,2453.64,848.6659186455557,0%,2021-05-20 08:01:00
sellOut,2477.99,840.2437315606454,-0.9924031235226005%,2021-05-20 08:02:00
buy,2950.98,840.2437315606454,0%,2021-05-20 22:03:00
buyOut,2927.11,833.4471358967126,-0.8088838284231015%,2021-05-20 22:07:00
buy,2821.76,833.4471358967126,0%,2021-05-21 08:02:00
buyOut,2810.08,829.9972810021525,-0.413926060331149%,2021-05-21 08:04:00
sell,2679.96,829.9972810021525,0%,2021-05-21 22:14:00
sellOut,2562.29,866.4402801721116,4.390737175181725%,2021-05-21 22:19:00
sell,2401.42,866.4402801721116,0%,2021-05-22 08:05:00
sellOut,2412.33,862.5039160805834,-0.45431453056941073%,2021-05-22 08:06:00
sell,2404.02,862.5039160805834,0%,2021-05-22 22:10:00
sellOut,2421.02,856.4047294792365,-0.7071488589945218%,2021-05-22 22:17:00
sell,2261.32,856.4047294792365,0%,2021-05-23 08:04:00
sellOut,2271.14,852.6857094186145,-0.43425963596481765%,2021-05-23 08:06:00
sell,1934.13,852.6857094186145,0%,2021-05-23 22:04:00
sellOut,1952.69,844.5032983258701,-0.9596045767347627%,2021-05-23 22:06:00
buy,2140.98,844.5032983258701,0%,2021-05-24 08:03:00
buyOut,2149.4,847.8245426961603,0.3932778447253149%,2021-05-24 08:15:00
buy,2415.76,847.8245426961603,0%,2021-05-24 22:10:00
buyOut,2444.78,858.0092747179847,1.2012782726760873%,2021-05-24 22:27:00
buy,2680.72,858.0092747179847,0%,2021-05-25 08:05:00
buyOut,2687.46,860.1665244537272,0.2514249903011301%,2021-05-25 08:12:00
buy,2576.1,860.1665244537272,0%,2021-05-25 22:10:00
buyOut,2574.12,859.5053972776012,-0.07686037032723636%,2021-05-25 22:15:00
sell,2688.02,859.5053972776012,0%,2021-05-26 08:14:00
sellOut,2699.56,855.8154350434722,-0.4293122819026607%,2021-05-26 08:15:00
buy,2726.74,855.8154350434722,0%,2021-05-26 22:02:00
buyOut,2716.55,852.6171985841498,-0.37370633063656955%,2021-05-26 22:06:00
sell,2841.46,852.6171985841498,0%,2021-05-27 08:15:00
sellOut,2836.72,854.0394975154348,0.16681565110894248%,2021-05-27 08:23:00
buy,2866.31,854.0394975154348,0%,2021-05-27 22:25:00
buyOut,2854.75,850.5951050417393,-0.403305992722347%,2021-05-27 22:28:00
sell,2685.81,850.5951050417393,0%,2021-05-28 09:00:00
sellOut,2687.27,850.1327235429137,-0.054359764838163294%,2021-05-28 09:06:00
sell,2549.96,850.1327235429137,0%,2021-05-28 22:37:00
sellOut,2556.49,847.9556828502225,-0.2560824483521129%,2021-05-28 22:40:00
buy,2433.74,847.9556828502225,0%,2021-05-29 08:11:00
buyOut,2447.4,852.7150551035174,0.5612760607131451%,2021-05-29 08:31:00
buy,2423.64,852.7150551035174,0%,2021-05-29 22:04:00
buyOut,2411.88,848.5775061903055,-0.4852205773134499%,2021-05-29 22:07:00
sell,2252.68,848.5775061903055,0%,2021-05-30 08:12:00
sellOut,2224.71,859.113717657599,1.2416321892146143%,2021-05-30 08:29:00
sell,2349.92,859.113717657599,0%,2021-05-30 22:24:00
sellOut,2355.53,857.0627423239454,-0.23873153128617375%,2021-05-30 22:34:00
buy,2401.6,857.0627423239454,0%,2021-05-31 08:04:00
buyOut,2387.53,852.0415594523191,-0.5858594270486184%,2021-05-31 08:06:00
buy,2723.98,852.0415594523191,0%,2021-06-01 08:02:00
buyOut,2723.3,851.8288602913753,-0.02496347256587539%,2021-06-01 08:16:00
sell,2601.03,851.8288602913753,0%,2021-06-01 22:16:00
sellOut,2615.07,847.2308059827011,-0.5397861616359689%,2021-06-01 22:19:00
sell,2612.93,847.2308059827011,0%,2021-06-02 08:18:00
sellOut,2604.92,849.8280124734686,0.3065524143394449%,2021-06-02 08:34:00
buy,2757.87,849.8280124734686,0%,2021-06-02 22:34:00
buyOut,2759.48,850.3241283527822,0.05837838621836067%,2021-06-02 22:48:00
sell,2819.04,850.3241283527822,0%,2021-06-04 08:20:00
sellOut,2810.1,853.0207547601669,0.31712923548442573%,2021-06-04 08:48:00
sell,2623.9,853.0207547601669,0%,2021-06-04 22:11:00
sellOut,2626.01,852.3348011062382,-0.08041464994854586%,2021-06-04 22:19:00
buy,2728.25,852.3348011062382,0%,2021-06-05 08:17:00
buyOut,2760.77,862.4944007514229,1.1919728763859716%,2021-06-05 09:01:00
buy,2690.8,862.4944007514229,0%,2021-06-06 22:49:00
buyOut,2714.85,870.2032569793371,0.8937862345770764%,2021-06-06 23:32:00
buy,2748.73,870.2032569793371,0%,2021-06-07 08:15:00
buyOut,2738.32,866.9076201197129,-0.37872035449098007%,2021-06-07 08:33:00
sell,2575.36,866.9076201197129,0%,2021-06-08 08:31:00
sellOut,2573.41,867.5640215001931,0.07571756958251186%,2021-06-08 08:37:00
sell,2412.96,867.5640215001931,0%,2021-06-08 22:05:00
sellOut,2395.54,873.8272688207179,0.7219348849545781%,2021-06-08 22:12:00
sell,2485.64,873.8272688207179,0%,2021-06-09 08:08:00
sellOut,2498.78,869.2078990357513,-0.5286364879869998%,2021-06-09 08:10:00
sell,2493.15,869.2078990357513,0%,2021-06-09 22:52:00
sellOut,2468.52,877.7948635397927,0.9879068648095846%,2021-06-09 22:57:00
sell,2515.04,877.7948635397927,0%,2021-06-10 22:09:00
sellOut,2530.92,872.2524537041592,-0.631401488644312%,2021-06-10 22:12:00
sell,2435.13,872.2524537041592,0%,2021-06-11 08:58:00
sellOut,2423.72,876.3394636365919,0.4685581467929967%,2021-06-11 09:15:00
sell,2445.02,876.3394636365919,0%,2021-06-11 23:00:00
sellOut,2429.44,881.9236178944132,0.6372136015247332%,2021-06-11 23:20:00
sell,2403.65,881.9236178944132,0%,2021-06-12 22:20:00
sellOut,2413.9,878.1627887040494,-0.42643479707944465%,2021-06-12 22:26:00
buy,2401.01,878.1627887040494,0%,2021-06-13 09:00:00
buyOut,2405.47,879.7940214092943,0.18575516136958292%,2021-06-13 09:13:00
buy,2610.69,879.7940214092943,0%,2021-06-15 08:21:00
buyOut,2605.4,878.0113086501175,-0.20262842390326163%,2021-06-15 08:32:00
sell,2556.03,878.0113086501175,0%,2021-06-15 22:19:00
sellOut,2555.97,878.0319190023118,0.00234739028885933%,2021-06-15 22:48:00
sell,2418.92,878.0319190023118,0%,2021-06-16 22:56:00
sellOut,2429.59,874.1588679812965,-0.4411059481090662%,2021-06-16 23:03:00
buy,2398.32,874.1588679812965,0%,2021-06-17 08:30:00
buyOut,2392.02,871.8625935607511,-0.2626838787151087%,2021-06-17 08:47:00
buy,2404.59,871.8625935607511,0%,2021-06-17 22:28:00
buyOut,2396.51,868.9329258186533,-0.33602402072702153%,2021-06-17 22:41:00
sell,2253.19,868.9329258186533,0%,2021-06-18 22:14:00
sellOut,2249.69,870.2826855993932,0.15533532458426036%,2021-06-18 22:22:00
buy,2099.85,870.2826855993932,0%,2021-06-20 22:56:00
buyOut,2117.26,877.4982588814303,0.8291068409648439%,2021-06-20 23:42:00
sell,2224.93,877.4982588814303,0%,2021-06-21 08:18:00
sellOut,2230.4,875.3409256277631,-0.2458504312495391%,2021-06-21 08:24:00
sell,1977.0,875.3409256277631,0%,2021-06-21 22:21:00
sellOut,1983.97,872.2548728955296,-0.35255437531613865%,2021-06-21 22:28:00
sell,1869.67,872.2548728955296,0%,2021-06-22 08:15:00
sellOut,1869.99,872.1055836844248,-0.017115319815785845%,2021-06-22 08:27:00
sell,1712.46,872.1055836844248,0%,2021-06-22 22:05:00
sellOut,1728.33,864.0234587804435,-0.9267369748782395%,2021-06-22 22:08:00
sell,1848.75,864.0234587804435,0%,2021-06-23 08:09:00
sellOut,1834.63,870.6225182736036,0.7637592968221751%,2021-06-23 08:20:00
sell,1941.85,870.6225182736036,0%,2021-06-24 08:53:00
sellOut,1938.54,872.106546666881,0.17045600844555198%,2021-06-24 09:05:00
sell,1838.03,872.106546666881,0%,2021-06-25 22:39:00
sellOut,1828.89,876.4432842808128,0.49727153528504875%,2021-06-25 22:47:00
sell,1795.96,876.4432842808128,0%,2021-06-26 08:11:00
sellOut,1808.2,870.4700633852487,-0.6815296554488981%,2021-06-26 08:13:00
buy,1757.55,870.4700633852487,0%,2021-06-26 22:31:00
buyOut,1769.06,876.1706752765543,0.6548889078546782%,2021-06-26 22:46:00
buy,1996.58,876.1706752765543,0%,2021-06-28 08:39:00
buyOut,1986.02,871.5365697907133,-0.528904426569432%,2021-06-28 08:42:00
buy,2028.85,871.5365697907133,0%,2021-06-28 22:21:00
buyOut,2029.11,871.6482584360767,0.012815141582667167%,2021-06-28 22:45:00
buy,2111.46,871.6482584360767,0%,2021-06-29 08:23:00
buyOut,2124.1,876.8662753469498,0.5986379093139371%,2021-06-29 08:46:00
sell,2118.45,876.8662753469498,0%,2021-06-30 22:38:00
sellOut,2127.61,873.0747791671115,-0.43239160707122526%,2021-06-30 22:47:00
sell,2243.64,873.0747791671115,0%,2021-07-01 08:12:00
sellOut,2248.0,871.3781584805627,-0.1943270756449289%,2021-07-01 08:21:00
sell,2082.74,871.3781584805627,0%,2021-07-01 22:30:00
sellOut,2087.46,869.4034017139818,-0.22662454266977328%,2021-07-01 22:40:00
buy,2133.34,869.4034017139818,0%,2021-07-02 08:11:00
buyOut,2123.99,865.5929815249701,-0.4382798803753918%,2021-07-02 08:25:00
buy,2109.46,865.5929815249701,0%,2021-07-02 22:30:00
buyOut,2105.58,864.0008675392501,-0.1839333289088252%,2021-07-02 22:35:00
sell,2132.32,864.0008675392501,0%,2021-07-03 08:39:00
sellOut,2142.33,859.944886877779,-0.4694417348240387%,2021-07-03 08:48:00
buy,2230.47,859.944886877779,0%,2021-07-06 08:07:00
buyOut,2219.24,855.615224932253,-0.5034813290472395%,2021-07-06 08:15:00
sell,2357.95,855.615224932253,0%,2021-07-07 22:44:00
sellOut,2361.66,854.2689994039345,-0.1573400623422927%,2021-07-07 23:02:00
sell,2275.53,854.2689994039345,0%,2021-07-08 08:30:00
sellOut,2280.15,852.5345802676251,-0.2030296238678453%,2021-07-08 08:37:00
sell,2092.36,852.5345802676251,0%,2021-07-09 08:09:00
sellOut,2100.0,849.4216531455023,-0.36513793037527%,2021-07-09 08:14:00
buy,2165.33,849.4216531455023,0%,2021-07-09 22:21:00
buyOut,2156.05,845.7812690279821,-0.4285720883190902%,2021-07-09 22:25:00
buy,2168.88,845.7812690279821,0%,2021-07-10 08:17:00
buyOut,2179.58,849.9538648279338,0.4933421858286158%,2021-07-10 08:52:00
sell,1916.78,849.9538648279338,0%,2021-07-14 08:34:00
sellOut,1905.89,854.7827954240253,0.5681403186594158%,2021-07-14 08:58:00
buy,2025.75,854.7827954240253,0%,2021-07-15 09:00:00
buyOut,2028.85,856.0908673311285,0.15302974207083153%,2021-07-15 09:23:00
sell,1902.01,856.0908673311285,0%,2021-07-16 08:46:00
sellOut,1906.44,854.0969332601841,-0.2329114988880221%,2021-07-16 08:52:00
buy,1896.97,854.0969332601841,0%,2021-07-17 08:57:00
buyOut,1891.38,851.5800764533161,-0.2946804641085432%,2021-07-17 09:04:00
buy,1924.79,851.5800764533161,0%,2021-07-18 08:35:00
buyOut,1967.07,870.2859122236839,2.1966032658108148%,2021-07-18 08:57:00
sell,1921.38,870.2859122236839,0%,2021-07-18 22:40:00
sellOut,1909.69,875.5808785051561,0.608416867043482%,2021-07-18 23:02:00
buy,1767.03,875.5808785051561,0%,2021-07-20 22:07:00
buyOut,1759.01,871.6068890167992,-0.45386892129731793%,2021-07-20 22:10:00
buy,1928.58,871.6068890167992,0%,2021-07-21 22:20:00
buyOut,1922.37,868.8003273077726,-0.32199856889525424%,2021-07-21 22:29:00
buy,2016.77,868.8003273077726,0%,2021-07-22 08:21:00
buyOut,2015.69,868.3350762610531,-0.05355097507400153%,2021-07-22 08:33:00
sell,2159.33,868.3350762610531,0%,2021-07-25 08:43:00
sellOut,2152.96,870.896655285928,0.29499891169946224%,2021-07-25 09:06:00
buy,2212.44,870.896655285928,0%,2021-07-26 08:13:00
buyOut,2213.47,871.3021006561728,0.04655493482308426%,2021-07-26 08:19:00
sell,2267.16,871.3021006561728,0%,2021-07-27 22:04:00
sellOut,2256.83,875.2720677955798,0.4556361262548658%,2021-07-27 22:16:00
buy,2559.5,875.2720677955798,0%,2021-08-01 08:46:00
buyOut,2563.81,876.745958247699,0.16839226411409225%,2021-08-01 09:21:00
sell,2512.72,876.745958247699,0%,2021-08-02 08:50:00
sellOut,2522.94,873.1799645463349,-0.40673055493649635%,2021-08-02 08:51:00
buy,2640.68,873.1799645463349,0%,2021-08-04 22:52:00
buyOut,2678.63,885.7286942881186,1.4371298301952606%,2021-08-04 23:15:00
buy,2742.08,885.7286942881186,0%,2021-08-05 22:05:00
buyOut,2758.52,891.0390352461129,0.5995448710468088%,2021-08-05 22:11:00
sell,2777.0,891.0390352461129,0%,2021-08-06 08:53:00
sellOut,2783.27,889.0272186271021,-0.22578321930140088%,2021-08-06 09:00:00
buy,2917.94,889.0272186271021,0%,2021-08-07 08:59:00
buyOut,2905.74,885.3101675337791,-0.4181031823821013%,2021-08-07 09:02:00
buy,3184.63,885.3101675337791,0%,2021-08-08 08:23:00
buyOut,3166.23,880.1950655964672,-0.5777751261528019%,2021-08-08 08:26:00
sell,3087.02,880.1950655964672,0%,2021-08-08 22:22:00
sellOut,3055.17,889.2763844214983,1.0317393473317282%,2021-08-08 22:46:00
sell,2982.1,889.2763844214983,0%,2021-08-09 08:09:00
sellOut,2964.95,894.3905958808151,0.575098085241943%,2021-08-09 08:37:00
buy,3147.77,894.3905958808151,0%,2021-08-09 22:06:00
buyOut,3133.29,890.2763258330181,-0.4600081962786384%,2021-08-09 22:12:00
buy,3190.53,890.2763258330181,0%,2021-08-10 08:06:00
buyOut,3168.13,884.0258941810167,-0.7020777112266674%,2021-08-10 08:09:00
buy,3190.79,884.0258941810167,0%,2021-08-12 08:20:00
buyOut,3176.23,879.9919662135618,-0.4563133267936781%,2021-08-12 08:30:00
sell,3053.52,879.9919662135618,0%,2021-08-12 22:28:00
sellOut,3069.32,875.438574368683,-0.5174356152898962%,2021-08-12 22:35:00
buy,3270.86,875.438574368683,0%,2021-08-14 22:52:00
buyOut,3259.64,872.4355657396322,-0.3430290504638056%,2021-08-14 23:12:00
buy,3197.18,872.4355657396322,0%,2021-08-15 22:07:00
buyOut,3182.26,868.3642470647891,-0.466661245222344%,2021-08-15 22:12:00
sell,3193.43,868.3642470647891,0%,2021-08-17 22:27:00
sellOut,3201.69,866.118170375851,-0.25865605320924967%,2021-08-17 22:48:00
sell,2981.64,866.118170375851,0%,2021-08-18 08:45:00
sellOut,2996.29,861.8625824457165,-0.4913403361908264%,2021-08-18 08:47:00
buy,3223.7,861.8625824457165,0%,2021-08-20 08:23:00
buyOut,3225.27,862.2823250565177,0.04870180227689591%,2021-08-20 08:50:00
buy,3294.13,862.2823250565177,0%,2021-08-20 22:46:00
buyOut,3276.62,857.6988497499149,-0.5315515781101565%,2021-08-20 22:57:00
sell,3243.45,857.6988497499149,0%,2021-08-21 08:29:00
sellOut,3253.0,855.1734450064745,-0.29443956281121064%,2021-08-21 08:35:00
sell,3196.01,855.1734450064745,0%,2021-08-22 22:50:00
sellOut,3172.69,861.4133018084092,0.7296597945563477%,2021-08-22 23:03:00
buy,3167.63,861.4133018084092,0%,2021-08-25 22:30:00
buyOut,3182.0,865.3211158987501,0.45365146813232116%,2021-08-25 23:19:00
buy,3130.03,865.3211158987501,0%,2021-08-27 09:00:00
buyOut,3120.98,862.8191730742776,-0.2891346089334612%,2021-08-27 09:03:00
buy,3212.45,862.8191730742776,0%,2021-08-27 22:12:00
buyOut,3224.51,866.0583205247519,0.3754144033370377%,2021-08-27 22:36:00
buy,3281.27,866.0583205247519,0%,2021-08-29 08:59:00
buyOut,3266.66,862.2021574955386,-0.44525442892539013%,2021-08-29 09:40:00
sell,3408.4,862.2021574955386,0%,2021-08-31 22:18:00
sellOut,3388.04,867.3525025039323,0.5973477291397744%,2021-08-31 23:00:00
sell,3775.81,867.3525025039323,0%,2021-09-02 08:48:00
sellOut,3771.86,868.2598687074463,0.10461331475895008%,2021-09-02 09:21:00
sell,3740.0,868.2598687074463,0%,2021-09-03 08:42:00
sellOut,3739.34,868.4130910372182,0.017647058823522244%,2021-09-03 09:03:00
buy,4008.23,868.4130910372182,0%,2021-09-03 22:32:00
buyOut,4001.59,866.9744852375294,-0.16565915628593553%,2021-09-03 22:35:00
sell,3680.0,866.9744852375294,0%,2021-09-07 22:25:00
sellOut,3704.57,861.1860170032124,-0.6676630434782727%,2021-09-07 22:26:00
sell,3403.85,861.1860170032124,0%,2021-09-08 08:05:00
sellOut,3402.09,861.6313031908898,0.051706156264219594%,2021-09-08 08:10:00
sell,3365.63,861.6313031908898,0%,2021-09-08 22:44:00
sellOut,3368.96,860.7787934855373,-0.09894135719017427%,2021-09-08 22:46:00
sell,3275.78,860.7787934855373,0%,2021-09-10 22:25:00
sellOut,3268.84,862.6024216982958,0.21185793917785078%,2021-09-10 22:34:00
buy,3252.92,862.6024216982958,0%,2021-09-11 08:14:00
buyOut,3238.38,858.746735357564,-0.44698301833429044%,2021-09-11 08:15:00
sell,3237.68,858.746735357564,0%,2021-09-13 22:02:00
sellOut,3204.1,867.6533337160513,1.03716241259173%,2021-09-13 22:04:00
buy,3333.03,867.6533337160513,0%,2021-09-14 08:15:00
buyOut,3317.55,863.6235849271342,-0.4644422642460455%,2021-09-14 08:17:00
sell,3298.4,863.6235849271342,0%,2021-09-20 08:21:00
sellOut,3288.0,866.3466280035476,0.31530439000727606%,2021-09-20 08:34:00
sell,2931.21,866.3466280035476,0%,2021-09-21 08:09:00
sellOut,2896.85,876.5020485084592,1.1722121581190015%,2021-09-21 08:14:00
sell,2991.89,876.5020485084592,0%,2021-09-21 22:40:00
sellOut,2987.8,877.7002521116664,0.13670288680398546%,2021-09-21 22:56:00
buy,2798.25,877.7002521116664,0%,2021-09-22 08:09:00
buyOut,2798.5,877.7786672150444,0.008934155275608369%,2021-09-22 08:16:00
sell,3035.87,877.7786672150444,0%,2021-09-23 09:00:00
sellOut,3052.01,873.112015583436,-0.531643318060393%,2021-09-23 09:05:00
buy,2901.09,873.112015583436,0%,2021-09-24 22:08:00
buyOut,2887.77,869.1032285249264,-0.45913777235453423%,2021-09-24 22:13:00
sell,2863.02,869.1032285249264,0%,2021-09-25 22:19:00
sellOut,2875.96,865.1751400808664,-0.45197029709886927%,2021-09-25 22:25:00
sell,2883.96,865.1751400808664,0%,2021-09-26 08:27:00
sellOut,2895.66,861.6651922525518,-0.40569217326176243%,2021-09-26 08:34:00
buy,3036.35,861.6651922525518,0%,2021-09-26 22:56:00
buyOut,3023.49,858.015739991657,-0.4235348362342961%,2021-09-26 23:11:00
buy,3095.3,858.015739991657,0%,2021-09-27 08:45:00
buyOut,3126.03,866.5340818938778,0.9927955287048151%,2021-09-27 09:01:00
buy,3120.71,866.5340818938778,0%,2021-09-27 22:34:00
buyOut,3104.24,861.9608224981658,-0.5277645151263721%,2021-09-27 22:37:00
sell,2856.48,861.9608224981658,0%,2021-09-28 22:17:00
sellOut,2863.32,859.8968094380754,-0.23945555368845017%,2021-09-28 22:21:00
buy,2845.32,859.8968094380754,0%,2021-09-29 08:32:00
buyOut,2845.95,860.087204539486,0.02214162203195702%,2021-09-29 08:40:00
buy,2882.76,860.087204539486,0%,2021-09-30 08:42:00
buyOut,2920.17,871.2486825403678,1.2977146900886583%,2021-09-30 09:04:00
buy,3031.92,871.2486825403678,0%,2021-10-01 08:33:00
buyOut,3024.68,869.1682053306814,-0.23879258027916794%,2021-10-01 08:46:00
buy,3363.23,869.1682053306814,0%,2021-10-02 22:52:00
buyOut,3363.6,869.263825385204,0.011001329079474154%,2021-10-02 23:13:00
sell,3356.16,869.263825385204,0%,2021-10-03 08:48:00
sellOut,3366.36,866.6219695085683,-0.3039187643020691%,2021-10-03 08:53:00
sell,3369.96,866.6219695085683,0%,2021-10-04 08:56:00
sellOut,3369.97,866.6193978995003,-0.0002967394271635726%,2021-10-04 09:11:00
sell,3356.83,866.6193978995003,0%,2021-10-04 22:39:00
sellOut,3320.01,876.1250702840593,1.0968681762257737%,2021-10-04 22:59:00
sell,3420.64,876.1250702840593,0%,2021-10-05 22:40:00
sellOut,3434.76,872.5085289372905,-0.4127882501520297%,2021-10-05 22:45:00
sell,3530.4,872.5085289372905,0%,2021-10-07 08:37:00
sellOut,3542.4,869.5428303345125,-0.3399048266485405%,2021-10-07 08:49:00
sell,3566.44,869.5428303345125,0%,2021-10-07 22:35:00
sellOut,3556.64,871.932193323173,0.2747838180370388%,2021-10-07 22:39:00
buy,3643.48,871.932193323173,0%,2021-10-08 22:41:00
buyOut,3640.19,871.1448534953071,-0.09029828625379821%,2021-10-08 22:48:00
sell,3499.39,871.1448534953071,0%,2021-10-12 08:12:00
sellOut,3496.71,871.8120178317678,0.0765847762038474%,2021-10-12 08:38:00
buy,3536.82,871.8120178317678,0%,2021-10-12 22:05:00
buyOut,3522.93,868.3881882538748,-0.3927256688211589%,2021-10-12 22:31:00
buy,3530.83,868.3881882538748,0%,2021-10-13 08:40:00
buyOut,3514.63,864.4038874946447,-0.4588156325849635%,2021-10-13 09:27:00
buy,3477.62,864.4038874946447,0%,2021-10-13 22:32:00
buyOut,3484.13,866.022025562516,0.18719699104561283%,2021-10-13 22:37:00
sell,3747.22,866.022025562516,0%,2021-10-19 22:26:00
sellOut,3762.28,862.5415008788914,-0.4018979403397793%,2021-10-19 22:27:00
buy,4036.84,862.5415008788914,0%,2021-10-20 22:31:00
buyOut,4059.9,867.4686733727893,0.57123888982471%,2021-10-20 22:56:00
sell,4174.09,867.4686733727893,0%,2021-10-21 22:21:00
sellOut,4144.37,873.6451499156141,0.7120114803466193%,2021-10-21 22:27:00
buy,4099.04,873.6451499156141,0%,2021-10-22 08:09:00
buyOut,4082.61,870.1433568584315,-0.4008255591553156%,2021-10-22 08:11:00
sell,4006.05,870.1433568584315,0%,2021-10-22 22:25:00
sellOut,4026.7,865.6580258418126,-0.5154703510939607%,2021-10-22 22:28:00
buy,4139.64,865.6580258418126,0%,2021-10-25 09:00:00
buyOut,4125.86,862.7764304383232,-0.33287918756221835%,2021-10-25 09:22:00
buy,4038.51,862.7764304383232,0%,2021-10-27 22:49:00
buyOut,4020.75,858.9822317351915,-0.43976615137761854%,2021-10-27 22:53:00
buy,4335.41,858.9822317351915,0%,2021-10-29 08:47:00
buyOut,4376.81,867.1848848623091,0.9549269849910447%,2021-10-29 09:32:00
sell,4373.07,867.1848848623091,0%,2021-10-30 08:33:00
sellOut,4373.71,867.0579721153574,-0.014635027566445302%,2021-10-30 09:42:00
sell,4262.39,867.0579721153574,0%,2021-10-30 22:40:00
sellOut,4267.44,866.0306980369221,-0.1184781308139149%,2021-10-30 22:49:00
buy,4373.47,866.0306980369221,0%,2021-10-31 08:18:00
buyOut,4374.0,866.1356481726174,0.012118523735149545%,2021-10-31 08:48:00
sell,4481.5,866.1356481726174,0%,2021-11-05 08:53:00
sellOut,4493.09,863.8956588470967,-0.2586187660381656%,2021-11-05 09:11:00
buy,4673.65,863.8956588470967,0%,2021-11-08 08:33:00
buyOut,4685.73,866.1285730702142,0.258470360424945%,2021-11-08 09:21:00
buy,4849.98,866.1285730702142,0%,2021-11-10 22:15:00
buyOut,4839.28,864.217724833345,-0.22061946647202735%,2021-11-10 22:19:00
buy,4753.48,864.217724833345,0%,2021-11-11 22:40:00
buyOut,4737.26,861.2688091974748,-0.3412236929575707%,2021-11-11 22:47:00
buy,4689.22,861.2688091974748,0%,2021-11-13 22:41:00
buyOut,4667.59,857.2960281501062,-0.46127074438819804%,2021-11-13 22:48:00
buy,4691.54,857.2960281501062,0%,2021-11-14 08:27:00
buyOut,4671.73,853.6761007237911,-0.4222494106412955%,2021-11-14 09:12:00
buy,4687.12,853.6761007237911,0%,2021-11-15 08:31:00
buyOut,4670.41,850.6326694391015,-0.3565089009882394%,2021-11-15 09:20:00
sell,4492.65,850.6326694391015,0%,2021-11-16 08:11:00
sellOut,4498.39,849.5458650981043,-0.1277642371429133%,2021-11-16 08:14:00
buy,4323.08,849.5458650981043,0%,2021-11-16 22:23:00
buyOut,4325.02,849.9271023128426,0.04487541290008057%,2021-11-16 22:54:00
sell,4184.87,849.9271023128426,0%,2021-11-17 22:46:00
sellOut,4162.03,854.5657971867158,0.5457756154910509%,2021-11-17 23:36:00
buy,4058.03,854.5657971867158,0%,2021-11-19 08:36:00
buyOut,4076.29,858.4111042585288,0.4499720307636901%,2021-11-19 08:45:00
sell,4210.24,858.4111042585288,0%,2021-11-22 08:14:00
sellOut,4228.66,854.6555149000974,-0.4375047503230256%,2021-11-22 08:19:00
sell,4232.33,854.6555149000974,0%,2021-11-22 22:52:00
sellOut,4250.39,851.0085689863582,-0.4267153081163322%,2021-11-22 23:15:00
buy,4125.91,851.0085689863582,0%,2021-11-23 08:26:00
buyOut,4112.26,848.1931253710919,-0.3308361064589316%,2021-11-23 08:35:00
buy,4235.87,848.1931253710919,0%,2021-11-23 22:48:00
buyOut,4304.07,861.8495338893675,1.6100588544974093%,2021-11-23 23:14:00
buy,4326.18,861.8495338893675,0%,2021-11-25 08:47:00
buyOut,4308.2,858.2676083524433,-0.41560915172277335%,2021-11-25 08:51:00
buy,4098.27,858.2676083524433,0%,2021-11-27 08:41:00
buyOut,4081.83,854.8247118421317,-0.40114487332461035%,2021-11-27 08:48:00
buy,4350.61,854.8247118421317,0%,2021-11-29 08:29:00
buyOut,4351.85,855.068351847254,0.028501750329290587%,2021-11-29 08:37:00
buy,4685.75,855.068351847254,0%,2021-12-01 08:10:00
buyOut,4664.14,851.1249005142937,-0.4611855092567785%,2021-12-01 08:14:00
buy,4740.45,851.1249005142937,0%,2021-12-01 22:27:00
buyOut,4738.58,850.7891510466352,-0.039447731755426485%,2021-12-01 22:48:00
buy,4585.29,850.7891510466352,0%,2021-12-02 22:47:00
buyOut,4608.01,855.0047905180273,0.49549755849684907%,2021-12-02 23:09:00
sell,4536.37,855.0047905180273,0%,2021-12-03 22:52:00
sellOut,4508.76,860.2086610722816,0.608636420750508%,2021-12-03 23:18:00
sell,4160.22,860.2086610722816,0%,2021-12-04 08:47:00
sellOut,4172.5,857.6695255558985,-0.29517669738619023%,2021-12-04 08:49:00
buy,4012.0,857.6695255558985,0%,2021-12-04 22:47:00
buyOut,4040.23,863.7044235385613,0.7036390827517502%,2021-12-04 23:16:00
sell,4077.09,863.7044235385613,0%,2021-12-05 08:34:00
sellOut,4097.59,859.3616347645728,-0.5028096019464856%,2021-12-05 08:36:00
sell,4145.16,859.3616347645728,0%,2021-12-05 22:10:00
sellOut,4152.76,857.7860264830563,-0.18334636057475429%,2021-12-05 22:15:00
sell,4155.47,857.7860264830563,0%,2021-12-06 08:13:00
sellOut,4133.7,862.2798627510443,0.5238877912727147%,2021-12-06 08:24:00
buy,4392.25,862.2798627510443,0%,2021-12-07 22:44:00
buyOut,4394.99,862.817775398079,0.062382605725996854%,2021-12-07 23:07:00
buy,4347.01,862.817775398079,0%,2021-12-08 22:15:00
buyOut,4385.45,870.4475520230009,0.8842859804785164%,2021-12-08 22:31:00
sell,4250.14,870.4475520230009,0%,2021-12-09 22:47:00
sellOut,4239.62,872.6020947550714,0.2475212581232733%,2021-12-09 23:05:00
buy,4174.5,872.6020947550714,0%,2021-12-10 08:32:00
buyOut,4171.39,871.9520067170578,-0.07449994011258232%,2021-12-10 08:39:00
sell,4118.64,871.9520067170578,0%,2021-12-10 22:45:00
sellOut,4050.12,886.4582882809365,1.663655964104671%,2021-12-10 23:00:00
sell,3859.67,886.4582882809365,0%,2021-12-11 08:10:00
sellOut,3872.6,883.488628784795,-0.3350027333943073%,2021-12-11 08:15:00
sell,4076.38,883.488628784795,0%,2021-12-13 08:54:00
sellOut,4006.78,898.5732893324921,1.7073972495204037%,2021-12-13 09:31:00
sell,3923.02,898.5732893324921,0%,2021-12-13 22:18:00
sellOut,3922.29,898.7404968667929,0.018608113137330573%,2021-12-13 22:57:00
buy,3818.88,898.7404968667929,0%,2021-12-14 08:32:00
buyOut,3812.04,897.1307618139583,-0.17911010558069318%,2021-12-14 08:38:00
sell,3769.19,897.1307618139583,0%,2021-12-15 22:47:00
sellOut,3735.84,905.0686240354158,0.8848054887124257%,2021-12-15 23:21:00
sell,3763.66,905.0686240354158,0%,2021-12-17 22:06:00
sellOut,3773.05,902.810557584224,-0.24949118677033422%,2021-12-17 22:13:00
sell,3838.72,902.810557584224,0%,2021-12-18 08:10:00
sellOut,3853.85,899.2522038266565,-0.3941417972657568%,2021-12-18 08:15:00
buy,3827.39,899.2522038266565,0%,2021-12-20 22:39:00
buyOut,3806.63,894.3746042741046,-0.5424061828034232%,2021-12-20 22:40:00
buy,4004.61,894.3746042741046,0%,2021-12-22 22:48:00
buyOut,3988.48,890.7721904642851,-0.40278578937774645%,2021-12-22 23:06:00
sell,3935.94,890.7721904642851,0%,2021-12-23 08:17:00
sellOut,3934.41,891.1184562740816,0.03887254378878158%,2021-12-23 08:40:00
sell,3589.88,891.1184562740816,0%,2021-12-30 08:18:00
sellOut,3610.57,885.9825629126569,-0.5763423847036764%,2021-12-30 08:22:00
buy,3725.8,885.9825629126569,0%,2022-01-01 08:48:00
buyOut,3729.7,886.9099696428516,0.10467550593160624%,2022-01-01 09:46:00
